model,split,auc,gini,ks_decile,ks_continuous,ks_peak_band
random_forest,test,0.7892063492063492,0.5784126984126985,0.38095238095238104,0.4253968253968254,3
xgboost,test,0.7820105820105819,0.5640211640211639,0.38095238095238093,0.4476190476190476,1
logistic_regression,test,0.772063492063492,0.544126984126984,0.4761904761904761,0.5047619047619047,2
